Don,Sabo,The Magic of Tennis,12345,1,true,0
FirstName2,LastName2,Title2,22222,2,true,0
Don,Cheeto,Im Cheeto,32432,3,true,0
FirstName4,LastName4,Title4,44444,4,true,0
FirstName5,LastName5,Title5,55555,5,true,0
FirstName6,LastName6,Title6,66666,6,false,3
FirstName8,LastName8,Title1,88888,7,true,0
Maurice,Sendak,Where the Wild Things Are,97800,8,true,0
Joanne,Rowling,Harry Potter and the Philosopher's Stone,978074,9,true,0
FirstName1,LastName1,The Bible,1234,10,true,0
Anna,Byun,Highschool Sucks,321,11,true,0
